ticker,time,open,high,low,close,volume
6063,1971-01-01,1.21,1.64,1.21,1.64,0
6063,1971-02-01,1.64,1.64,1.64,1.64,0
6063,1971-03-01,1.64,1.64,1.64,1.64,0
6063,1971-04-01,1.64,1.64,1.64,1.64,0
6063,1971-05-01,1.64,1.64,1.64,1.64,0
6063,1971-06-01,1.64,1.64,1.64,1.64,0
6063,1971-07-01,1.64,1.74,1.64,1.74,0
6063,1971-08-01,1.74,1.74,1.74,1.74,0
6063,1971-09-01,1.74,1.74,1.74,1.74,0
6063,1971-10-01,1.74,1.74,1.74,1.74,0
6063,1971-11-01,1.74,1.74,1.74,1.74,0
6063,1971-12-01,1.74,1.74,1.74,1.74,0
6063,1972-01-01,1.74,1.77,1.74,1.77,0
6063,1972-02-01,1.77,1.77,1.77,1.77,0
6063,1972-03-01,1.77,1.77,1.77,1.77,0
6063,1972-04-01,1.77,1.77,1.77,1.77,0
6063,1972-05-01,1.77,1.77,1.77,1.77,0
6063,1972-06-01,1.77,1.77,1.77,1.77,0
6063,1972-07-01,1.77,1.87,1.77,1.87,0
6063,1972-08-01,1.87,1.87,1.87,1.87,0
6063,1972-09-01,1.87,1.87,1.87,1.87,0
6063,1972-10-01,1.87,1.87,1.87,1.87,0
6063,1972-11-01,1.87,1.87,1.87,1.87,0
6063,1972-12-01,1.87,1.87,1.87,1.87,0
6063,1973-01-01,1.87,2.08,1.87,2.08,0
6063,1973-02-01,2.08,2.08,2.08,2.08,0
6063,1973-03-01,2.08,2.08,2.08,2.08,0
6063,1973-04-01,2.08,2.35,2.08,2.35,0
6063,1973-05-01,2.35,2.35,2.35,2.35,0
6063,1973-06-01,2.35,2.35,2.35,2.35,0
6063,1973-07-01,2.35,2.7,2.35,2.7,0
6063,1973-08-01,2.7,2.7,2.7,2.7,0
6063,1973-09-01,2.7,2.7,2.7,2.7,0
6063,1973-10-01,2.7,4.1,2.7,4.1,0
6063,1973-11-01,4.1,4.1,4.1,4.1,0
6063,1973-12-01,4.1,4.1,4.1,4.1,0
6063,1974-01-01,4.1,13,4.1,13,0
6063,1974-02-01,13,13,13,13,0
6063,1974-03-01,13,13,13,13,0
6063,1974-04-01,13,13,10.6,10.6,0
6063,1974-05-01,10.6,10.6,10.6,10.6,0
6063,1974-06-01,10.6,10.6,10.6,10.6,0
6063,1974-07-01,10.6,10.6,10,10,0
6063,1974-08-01,10,10,10,10,0
6063,1974-09-01,10,10,10,10,0
6063,1974-10-01,10,10.3,10,10.3,0
6063,1974-11-01,10.3,10.3,10.3,10.3,0
6063,1974-12-01,10.3,10.3,10.3,10.3,0
6063,1975-01-01,10.3,10.42,10.3,10.42,0
6063,1975-02-01,10.42,10.42,10.42,10.42,0
6063,1975-03-01,10.42,10.42,10.42,10.42,0
6063,1975-04-01,10.42,10.42,10.42,10.42,0
6063,1975-05-01,10.42,10.42,10.42,10.42,0
6063,1975-06-01,10.42,10.42,10.42,10.42,0
6063,1975-07-01,10.42,10.43,10.42,10.43,0
6063,1975-08-01,10.43,10.43,10.43,10.43,0
6063,1975-09-01,10.43,10.43,10.43,10.43,0
6063,1975-10-01,10.43,10.46,10.43,10.46,0
6063,1975-11-01,10.46,10.46,10.46,10.46,0
6063,1975-12-01,10.46,10.46,10.46,10.46,0
6063,1976-01-01,10.46,11.51,10.46,11.51,0
6063,1976-02-01,11.51,11.51,11.51,11.51,0
6063,1976-03-01,11.51,11.51,11.51,11.51,0
6063,1976-04-01,11.51,11.51,11.51,11.51,0
6063,1976-05-01,11.51,11.51,11.51,11.51,0
6063,1976-06-01,11.51,11.51,11.51,11.51,0
6063,1976-07-01,11.51,11.6,11.51,11.6,0
6063,1976-08-01,11.6,11.6,11.6,11.6,0
6063,1976-09-01,11.6,11.6,11.6,11.6,0
6063,1976-10-01,11.6,11.9,11.6,11.9,0
6063,1976-11-01,11.9,11.9,11.9,11.9,0
6063,1976-12-01,11.9,11.9,11.9,11.9,0
6063,1977-01-01,11.9,12.5,11.9,12.5,0
6063,1977-02-01,12.5,12.5,12.5,12.5,0
6063,1977-03-01,12.5,12.5,12.5,12.5,0
6063,1977-04-01,12.5,12.5,12.45,12.45,0
6063,1977-05-01,12.45,12.45,12.45,12.45,0
6063,1977-06-01,12.45,12.45,12.45,12.45,0
6063,1977-07-01,12.45,12.63,12.45,12.63,0
6063,1977-08-01,12.63,12.63,12.63,12.63,0
6063,1977-09-01,12.63,12.63,12.63,12.63,0
6063,1977-10-01,12.63,12.68,12.63,12.68,0
6063,1977-11-01,12.68,12.68,12.68,12.68,0
6063,1977-12-01,12.68,12.68,12.68,12.68,0
6063,1978-01-01,12.68,12.68,12.66,12.66,0
6063,1978-02-01,12.66,12.66,12.66,12.66,0
6063,1978-03-01,12.66,12.66,12.66,12.66,0
6063,1978-04-01,12.66,12.68,12.66,12.68,0
6063,1978-05-01,12.68,12.7,12.68,12.7,0
6063,1978-06-01,12.7,12.73,12.7,12.73,0
6063,1978-07-01,12.73,12.77,12.73,12.77,0
6063,1978-08-01,12.77,12.79,12.77,12.79,0
6063,1978-09-01,12.79,12.8,12.79,12.8,0
6063,1978-10-01,12.8,12.85,12.8,12.85,0
6063,1978-11-01,12.85,13.2,12.85,13.2,0
6063,1978-12-01,13.2,14.5,13.2,14.5,0
6063,1979-01-01,14.5,17.45,14.5,17.45,0
6063,1979-02-01,17.45,20.75,17.45,20.75,0
6063,1979-03-01,20.75,22.02,20.75,22.02,0
6063,1979-04-01,22.02,22.43,22.02,22.43,0
6063,1979-05-01,22.43,33.5,22.43,33.5,0
6063,1979-06-01,33.5,34.67,33.5,34.67,0
6063,1979-07-01,34.67,34.67,33.5,33.5,0
6063,1979-08-01,33.5,34,33.5,34,0
6063,1979-09-01,34,35.5,34,35.5,0
6063,1979-10-01,35.5,37.25,35.5,37.25,0
6063,1979-11-01,37.25,40.75,37.25,40.75,0
6063,1979-12-01,40.75,40.75,39.75,39.75,0
6063,1980-01-01,39.75,39.75,39,39,0
6063,1980-02-01,39,39,37.25,37.25,0
6063,1980-03-01,37.25,37.25,37,37,0
6063,1980-04-01,37,37,36.58,36.58,0
6063,1980-05-01,36.58,37.05,36.58,37.05,0
6063,1980-06-01,37.05,37.05,37,37,0
6063,1980-07-01,37,37,35.38,35.38,0
6063,1980-08-01,35.38,35.38,32.95,32.95,0
6063,1980-09-01,32.95,32.95,32.83,32.83,0
6063,1980-10-01,32.83,37.35,32.83,37.35,0
6063,1980-11-01,37.35,40.3,37.35,40.3,0
6063,1980-12-01,40.3,40.3,39.75,39.75,0
6063,1981-01-01,39.75,39.77,39.75,39.77,0
6063,1981-02-01,39.77,39.77,37.9,37.9,0
6063,1981-03-01,37.9,37.9,37.6,37.6,0
6063,1981-04-01,37.6,37.6,36.37,36.37,0
6063,1981-05-01,36.37,36.37,34.28,34.28,0
6063,1981-06-01,34.28,34.28,32.71,32.71,0
6063,1981-07-01,32.71,33.51,32.71,33.51,0
6063,1981-08-01,33.51,33.98,33.51,33.98,0
6063,1981-09-01,33.98,33.99,33.98,33.99,0
6063,1981-10-01,33.99,34.61,33.99,34.61,0
6063,1981-11-01,34.61,35.68,34.61,35.68,0
6063,1981-12-01,35.68,35.68,35.41,35.41,0
6063,1982-01-01,35.41,35.41,35.05,35.05,0
6063,1982-02-01,35.05,35.05,32.27,32.27,0
6063,1982-03-01,32.27,32.27,30.17,30.17,0
6063,1982-04-01,30.17,31.57,30.17,31.57,0
6063,1982-05-01,31.57,33.04,31.57,33.04,0
6063,1982-06-01,33.04,33.04,32.77,32.77,0
6063,1982-07-01,32.77,32.92,32.77,32.92,0
6063,1982-08-01,32.92,32.92,32.42,32.42,0
6063,1982-09-01,32.42,33.47,32.42,33.47,0
6063,1982-10-01,33.47,33.78,33.47,33.78,0
6063,1982-11-01,33.78,33.78,32.85,32.85,0
6063,1982-12-01,32.85,32.85,31.47,31.47,0
6063,1983-01-01,31.47,31.47,30.65,30.65,0
6063,1983-02-01,30.65,30.65,29.11,29.11,0
6063,1983-04-01,29.3,31,29.29,30.63,5961
6063,1983-05-01,30.66,30.72,29.25,30.25,4079
6063,1983-06-01,30.35,31.65,30.1,31.38,4535
6063,1983-07-01,31.42,32.02,31,32,4685
6063,1983-08-01,32.05,32.35,31.5,31.59,3908
6063,1983-09-01,31.57,31.65,30.2,30.36,7025
6063,1983-10-01,30.32,30.85,29.7,30.37,15188
6063,1983-11-01,30.42,30.55,28.84,29.23,20136
6063,1983-12-01,29.25,30.17,28.27,29.6,25644
6063,1984-01-01,29.25,30.2,28.95,29.98,29096
6063,1984-02-01,30.17,31.1,29.45,30.55,39629
6063,1984-03-01,30.81,31.1,30.13,30.85,41598
6063,1984-04-01,30.81,30.88,30.2,30.26,39410
6063,1984-05-01,30.3,31.5,30.1,30.83,40254
6063,1984-06-01,30.86,30.88,29.04,29.75,39402
6063,1984-07-01,29.82,29.99,27.55,27.6,54905
6063,1984-08-01,27.76,30,27.73,29.23,65853
6063,1984-09-01,29.06,29.85,28.84,29.66,35821
6063,1984-10-01,29.64,29.72,26.3,28.46,79561
6063,1984-11-01,28.39,28.87,27,27.31,79695
6063,1984-12-01,27.21,27.87,26.04,26.41,77565
6063,1985-01-01,26.15,26.52,24.66,26.41,149810
6063,1985-02-01,26.37,28.06,26.27,26.73,135128
6063,1985-03-01,26.87,29.07,26.83,28.29,113889
6063,1985-04-01,28.36,30,27.48,27.63,92707
6063,1985-05-01,27.38,28.14,26.98,27.84,107707
6063,1985-06-01,27.64,27.64,26.63,26.87,101620
6063,1985-07-01,26.8,27.7,26.58,27.12,106970
6063,1985-08-01,27.11,28.32,27.01,28.08,83528
6063,1985-09-01,28.23,29.19,27.37,29.08,98354
6063,1985-10-01,29.1,30.6,28.57,30.38,114976
6063,1985-11-01,30.37,31.82,29.74,29.75,117511
6063,1985-12-01,29.3,29.85,24.8,26.3,137480
6063,1986-01-01,25.85,26.6,18.6,18.83,170590
6063,1986-02-01,17.93,18.68,12.7,13.26,191779
6063,1986-03-01,12.85,14.18,10.3,10.42,189345
6063,1986-04-01,9.95,14.4,9.75,13.34,254773
6063,1986-05-01,13.5,17.2,13.5,14.3,273391
6063,1986-06-01,13.98,14.9,12.5,12.78,227373
6063,1986-07-01,12.53,13.5,10.65,11.15,258903
6063,1986-08-01,11.28,16.5,11.22,15.9,255480
6063,1986-09-01,16.2,16.56,13.8,14.77,188739
6063,1986-10-01,14.81,15.65,13.52,15.27,291591
6063,1986-11-01,15.17,15.83,14.68,15,205983
6063,1986-12-01,15.13,18,14.88,17.94,227526
6063,1987-01-01,17.92,19.43,17.88,18.75,264869
6063,1987-02-01,18.69,18.71,16.05,16.6,290753
6063,1987-03-01,16.27,19.08,16.17,18.83,375630
6063,1987-04-01,18.76,19.1,17.73,18.73,376218
6063,1987-05-01,18.83,20.01,18.73,19.38,328345
6063,1987-06-01,19.36,20.95,19.31,20.29,421975
6063,1987-07-01,20.24,22.76,20.21,21.37,460065
6063,1987-08-01,22.58,22.67,18.15,19.73,567370
6063,1987-09-01,19.6,19.93,18.72,19.59,418846
6063,1987-10-01,19.59,20.55,19.35,19.96,412186
6063,1987-11-01,19.8,19.83,18.05,18.51,415350
6063,1987-12-01,18.47,19.05,14.9,16.7,510709
6063,1988-01-01,16.91,17.95,15.95,16.94,526726
6063,1988-02-01,16.84,17.68,15.7,16.01,443086
6063,1988-03-01,15.78,17.21,15.27,17.08,508052
6063,1988-04-01,17.05,18.92,16.64,17.99,476872
6063,1988-05-01,17.26,17.8,17.08,17.51,369771
6063,1988-06-01,17.63,17.72,15.08,15.16,439770
6063,1988-07-01,15.35,16.43,14.42,16.31,469332
6063,1988-08-01,16.23,16.25,14.95,15.18,432924
6063,1988-09-01,15.12,15.46,13.25,13.37,573445
6063,1988-10-01,13.09,15.5,12.28,13.58,486833
6063,1988-11-01,13.39,15.8,12.94,15.32,620218
6063,1988-12-01,15.53,18.2,15.26,17.24,502076
6063,1989-01-01,17.17,19.75,16.95,17.03,618146
6063,1989-02-01,16.96,18.93,16.91,18.15,497869
6063,1989-03-01,18.28,21.48,18.12,20.19,758818
6063,1989-04-01,20.47,25.3,19.58,20.42,691084
6063,1989-05-01,20.4,21.31,19.22,19.9,747907
6063,1989-06-01,19.88,21.3,19.02,20.27,700572
6063,1989-07-01,20.57,21.07,17.87,18.31,610806
6063,1989-08-01,18.44,19.17,17.78,18.83,528893
6063,1989-09-01,18.78,20.14,18.75,20.13,565560
6063,1989-10-01,20.19,20.98,19.32,19.94,544593
6063,1989-11-01,19.92,20.38,19.16,19.89,568224
6063,1989-12-01,19.88,22.95,19.82,21.82,601886
6063,1990-01-01,21.81,24.2,21.25,22.68,803205
6063,1990-02-01,22.61,23.06,21.4,21.54,609144
6063,1990-03-01,21.73,21.77,19.07,20.28,568360
6063,1990-04-01,20.2,20.55,16.25,18.54,611102
6063,1990-05-01,18.46,19.75,17.32,17.4,779665
6063,1990-06-01,17.52,17.94,15.06,17.07,800088
6063,1990-07-01,17,20.92,16.05,20.69,844591
6063,1990-08-01,20.87,32.35,20.78,27.32,1261054
6063,1990-09-01,28.27,40.1,28.2,39.51,838566
6063,1990-10-01,38.45,41.15,27.9,35.23,1336813
6063,1990-11-01,35.3,35.85,28.5,28.85,885341
6063,1990-12-01,29.27,30.9,25.23,28.44,597820
6063,1991-01-01,28.07,32.75,18,21.54,712178
6063,1991-02-01,21.87,23.05,17.45,19.16,635376
6063,1991-03-01,19.05,20.87,18.55,19.63,677573
6063,1991-04-01,19.55,21.95,19.18,20.96,820320
6063,1991-05-01,20.86,22.11,20.61,21.13,788715
6063,1991-06-01,21.18,21.27,19.6,20.56,590622
6063,1991-07-01,20.47,22.25,20.45,21.68,763700
6063,1991-08-01,21.62,23.1,21.06,22.26,707270
6063,1991-09-01,22.13,22.45,21.25,22.23,710823
6063,1991-10-01,22.13,24.18,22.05,23.37,880792
6063,1991-11-01,23.52,24.03,20.99,21.48,902668
6063,1991-12-01,21.35,21.44,18.3,19.12,814153
6063,1992-01-01,19.1,19.78,17.72,18.9,819630
6063,1992-02-01,18.95,20.08,18.05,18.68,572340
6063,1992-03-01,18.56,19.49,18.27,19.44,649233
6063,1992-04-01,19.67,20.92,19.58,20.85,809700
6063,1992-05-01,20.9,22.21,20.05,22.11,761065
6063,1992-06-01,22.14,22.95,21.56,21.6,761268
6063,1992-07-01,21.77,22.17,21.12,21.87,730169
6063,1992-08-01,21.78,21.83,20.85,21.48,697705
6063,1992-09-01,21.4,22.4,21.39,21.71,632950
6063,1992-10-01,21.76,22.46,20.43,20.62,790168
6063,1992-11-01,20.72,20.87,19.85,19.89,567482
6063,1992-12-01,19.8,20.08,18.65,19.5,678580
6063,1993-01-01,19.43,20.75,18.15,20.26,840994
6063,1993-02-01,20.4,20.75,19.19,20.6,652348
6063,1993-03-01,20.43,21.14,19.45,20.44,706257
6063,1993-04-01,20.45,20.75,19.78,20.53,608712
6063,1993-05-01,20.5,20.66,18.95,20.02,638237
6063,1993-06-01,19.97,20.27,18.2,18.85,774038
6063,1993-07-01,18.85,18.85,16.75,17.88,943323
6063,1993-08-01,17.55,19.05,17.2,18.29,972797
6063,1993-09-01,18.05,18.95,16.36,18.79,1110501
6063,1993-10-01,18.72,19.09,16.85,16.92,876123
6063,1993-11-01,16.9,17.71,15.1,15.43,1115828
6063,1993-12-01,15.48,15.54,13.75,14.17,882634
6063,1994-01-01,14.1,15.7,14.1,15.19,858557
6063,1994-02-01,15.2,16.34,13.88,14.48,791765
6063,1994-03-01,14.48,15.5,13.9,14.79,871385
6063,1994-04-01,14.75,17.28,14.65,16.9,976350
6063,1994-05-01,16.81,19,16.75,18.31,1047806
6063,1994-06-01,18.32,20.95,17.58,19.37,935544
6063,1994-07-01,19.33,20.74,19.05,20.3,889340
6063,1994-08-01,20.25,20.98,16.75,17.56,1015010
6063,1994-09-01,17.53,18.42,16.53,18.39,744788
6063,1994-10-01,18.39,18.7,16.8,18.19,808365
6063,1994-11-01,18.18,19.19,17.24,18.05,832288
6063,1994-12-01,18.07,18.12,16.42,17.76,693561
6063,1995-01-01,17.65,18.85,17.27,18.39,791626
6063,1995-02-01,18.38,18.98,18.13,18.49,653682
6063,1995-03-01,18.52,19.35,17.82,19.17,950552
6063,1995-04-01,19.12,20.82,18.9,20.38,760454
6063,1995-05-01,20.49,20.8,18.45,18.89,1003625
6063,1995-06-01,18.87,19.32,17.2,17.4,828770
6063,1995-07-01,17.11,17.72,16.6,17.56,786286
6063,1995-08-01,17.56,18.66,17.31,17.84,766875
6063,1995-09-01,17.9,19.08,17.11,17.54,841221
6063,1995-10-01,17.53,17.75,16.81,17.64,774100
6063,1995-11-01,17.65,18.85,17.48,18.18,703074
6063,1995-12-01,18.18,19.82,18.18,19.55,634043
6063,1996-01-01,19.52,20.52,17.08,17.74,832818
6063,1996-02-01,17.72,23,17.43,19.54,745190
6063,1996-03-01,19.55,25.6,18.78,21.47,864219
6063,1996-04-01,21.38,25.7,21.16,21.2,884471
6063,1996-05-01,20.9,22.9,19.62,19.76,928033
6063,1996-06-01,19.76,22.2,19.46,20.92,711266
6063,1996-07-01,20.95,22.55,19.98,20.42,693938
6063,1996-08-01,20.4,23.35,20.25,22.25,780546
6063,1996-09-01,23.4,25.35,22.85,24.38,738659
6063,1996-10-01,24.1,26.1,23.1,23.35,889841
6063,1996-11-01,23.2,24.95,22.47,23.75,758148
6063,1996-12-01,23.9,26.8,23.15,25.92,704202
6063,1997-01-01,25.88,26.74,23.63,24.15,900068
6063,1997-02-01,24.09,24.43,20.25,20.3,851583
6063,1997-03-01,20.29,22.65,19.86,20.41,881436
6063,1997-04-01,20.41,20.65,18.96,20.21,932453
6063,1997-05-01,20.08,22.4,19.44,20.88,926377
6063,1997-06-01,20.64,21.17,18.35,19.8,895240
6063,1997-07-01,19.82,20.5,18.88,20.14,1013298
6063,1997-08-01,20.15,20.94,19.14,19.61,977551
6063,1997-09-01,19.6,21.48,19.23,21.18,979738
6063,1997-10-01,21.16,23.15,20.15,21.08,1163416
6063,1997-11-01,21.3,21.55,18.96,19.15,677351
6063,1997-12-01,19.07,19.07,17.5,17.64,724197
6063,1998-01-01,17.68,18.06,15.7,17.21,1108600
6063,1998-02-01,17.16,17.2,15.2,15.44,910044
6063,1998-03-01,15.5,17.5,12.8,15.61,1232049
6063,1998-04-01,15.6,16.2,14.95,15.39,1039355
6063,1998-05-01,15.51,16.3,12.5,15.2,1163524
6063,1998-06-01,15.2,15.57,11.4,14.18,1258490
6063,1998-07-01,14.3,15,13.25,14.21,1039966
6063,1998-08-01,14.23,14.25,12.56,13.34,1026802
6063,1998-09-01,13.27,16.2,13.14,16.14,1202485
6063,1998-10-01,16.15,16.36,13.07,14.42,1228983
6063,1998-11-01,14.73,14.81,10.82,11.22,1079879
6063,1998-12-01,11.28,12.62,10.35,12.05,1147348
6063,1999-01-01,12.15,13.75,11.72,12.75,1107737
6063,1999-02-01,12.79,12.9,11.26,12.27,1063794
6063,1999-03-01,12.35,17.05,12.18,16.76,1588318
6063,1999-04-01,16.68,18.83,15.61,18.66,1419661
6063,1999-05-01,18.5,19.05,16.63,16.84,1320294
6063,1999-06-01,16.8,19.37,16.21,19.29,1406654
6063,1999-07-01,19.35,21.12,19.15,20.53,1422404
6063,1999-08-01,20.4,22.28,20.1,22.11,1385320
6063,1999-09-01,22.11,25.12,21.42,24.51,1378654
6063,1999-10-01,24.45,24.85,20.55,21.75,1506902
6063,1999-11-01,22,27.15,21.77,24.59,1483004
6063,1999-12-01,24.63,27.02,24.1,25.6,1132733
6063,2000-01-01,25.2,29.95,24.02,27.64,1452485
6063,2000-02-01,27.6,30.83,27.41,30.43,1328127
6063,2000-03-01,30.49,34.37,26.05,26.9,1483488
6063,2000-04-01,26.85,27.5,23.7,25.74,1132579
6063,2000-05-01,25.55,30.82,25.52,29.01,1301766
6063,2000-06-01,29,33.4,28.87,32.5,1483827
6063,2000-07-01,31.15,32.35,27.35,27.43,1298682
6063,2000-08-01,27.36,33.7,27.26,33.12,1443101
6063,2000-09-01,33,37.8,30.2,30.84,1591526
6063,2000-10-01,30.97,37,30.19,32.7,1424626
6063,2000-11-01,32.69,35.84,32.1,33.82,1289068
6063,2000-12-01,33.76,34.15,25.58,26.8,1223649
6063,2001-01-01,26.9,32.7,26.65,28.66,1374615
6063,2001-02-01,28.7,31.87,27.36,27.39,1339341
6063,2001-03-01,27.41,29.15,25.7,26.29,1467459
6063,2001-04-01,26.35,29.04,25.49,28.46,1255049
6063,2001-05-01,28.43,30.2,27.05,28.37,1294398
6063,2001-06-01,28.48,29.63,25.1,26.25,1500677
6063,2001-07-01,26.31,28.29,24.54,26.35,1386939
6063,2001-08-01,26.35,28.42,26.28,27.2,1477448
6063,2001-09-01,27.17,29.98,20.3,23.43,1196171
6063,2001-10-01,23.5,23.98,20.8,21.18,1362417
6063,2001-11-01,21.26,22.62,16.7,19.44,1542209
6063,2001-12-01,19.4,21.5,17.8,19.84,1198397
6063,2002-01-01,19.9,22,17.85,19.48,1531887
6063,2002-02-01,19.47,21.85,19.09,21.74,1455235
6063,2002-03-01,21.8,26.38,21.62,26.31,1568781
6063,2002-04-01,26.46,28.35,23.31,27.29,1798595
6063,2002-05-01,27.25,29.54,24.4,25.31,1877425
6063,2002-06-01,25.26,27.05,23.8,26.86,1520218
6063,2002-07-01,26.89,28.1,25.73,27.02,1586429
6063,2002-08-01,27,30.32,26,28.98,1768406
6063,2002-09-01,29,31.39,27.62,30.45,1475100
6063,2002-10-01,30.45,31.18,26.53,27.22,1868387
6063,2002-11-01,27.2,27.56,24.82,26.89,1555323
6063,2002-12-01,26.9,33.65,26.57,31.2,1633612
6063,2003-01-01,31.6,35.2,29.75,33.51,1887734
6063,2003-02-01,33.33,39.99,32.55,36.6,1705199
6063,2003-03-01,36.45,38.2,26.3,31.04,1582313
6063,2003-04-01,31.16,31.32,25.04,25.8,1478646
6063,2003-05-01,25.95,29.65,25.42,29.56,1634885
6063,2003-06-01,29.49,32.5,28.53,30.19,1530994
6063,2003-07-01,30.12,32.1,29.17,30.54,1527541
6063,2003-08-01,30.58,32.85,30.1,31.57,1663391
6063,2003-09-01,31.28,31.4,26.65,29.2,1647991
6063,2003-10-01,29.15,32.6,28.26,29.11,1733263
6063,2003-11-01,29.13,33.55,28.47,30.41,1568814
6063,2003-12-01,30.26,33.93,29.66,32.52,1553203
6063,2004-01-01,32.4,36.37,32.27,33.05,1833626
6063,2004-02-01,33.2,36.23,32.2,36.16,1642773
6063,2004-03-01,36.16,38.5,34.75,35.76,1996957
6063,2004-04-01,35.82,38.3,33.3,37.38,1968613
6063,2004-05-01,37.39,41.85,37.25,39.88,1889815
6063,2004-06-01,40.4,42.45,35.52,37.05,1948884
6063,2004-07-01,37.05,43.85,36.69,43.8,1753234
6063,2004-08-01,43.69,49.4,41.3,42.12,2225524
6063,2004-09-01,42.11,50.47,42.11,49.64,2041356
6063,2004-10-01,49.64,55.67,49.2,51.76,2080021
6063,2004-11-01,51.82,52.5,45.25,49.13,1810259
6063,2004-12-01,49.07,49.12,40.25,43.45,1854943
6063,2005-01-01,43.1,49.75,41.25,48.2,1841394
6063,2005-02-01,48.21,52.28,44.6,51.75,1590037
6063,2005-03-01,51.77,57.6,50.65,55.4,2121084
6063,2005-04-01,55.25,58.28,49.5,49.72,2103356
6063,2005-05-01,49.28,53.1,46.2,51.97,2064741
6063,2005-06-01,51.95,60.95,51.93,56.5,2179319
6063,2005-07-01,56.56,62.1,56.1,60.57,1973115
6063,2005-08-01,60.51,70.85,60.51,68.94,2428039
6063,2005-09-01,68.75,69.66,62.55,66.24,2174230
6063,2005-10-01,66.2,66.62,59.15,59.76,1932643
6063,2005-11-01,59.76,62.15,55.4,57.32,1898562
6063,2005-12-01,57.4,61.9,56.9,61.04,1837631
6063,2006-01-01,61.04,69.2,60.81,67.92,2153897
6063,2006-02-01,67.8,69,57.55,61.41,2257802
6063,2006-03-01,61.58,67.3,59.25,66.63,2299607
6063,2006-04-01,66.25,75.35,65.6,71.88,2074379
6063,2006-05-01,71.7,74.99,67.42,71.29,2455912
6063,2006-06-01,71.26,74.15,68.1,73.93,2279435
6063,2006-07-01,73.93,78.4,71.65,74.4,1816168
6063,2006-08-01,74.4,77.45,68.65,70.26,2046656
6063,2006-09-01,70.29,70.66,59.52,62.91,2398049
6063,2006-10-01,62.8,63.32,56.55,58.73,3332205
6063,2006-11-01,58.6,63.77,54.86,63.13,3700057
6063,2006-12-01,62.85,64.15,59.9,61.05,3216591
6063,2007-01-01,61.05,61.05,49.9,58.14,4977081
6063,2007-02-01,57.89,62.25,56.62,61.79,4782614
6063,2007-03-01,61.82,68.09,56.1,65.87,4753086
6063,2007-04-01,66.03,66.7,61.34,65.71,4114286
6063,2007-05-01,65.66,66.38,60.68,64.01,4707227
6063,2007-06-01,64.23,71.06,63.8,70.68,4417760
6063,2007-07-01,70.52,78.28,69.57,78.21,4253031
6063,2007-08-01,77.94,78.77,68.63,74.04,4975661
6063,2007-09-01,73.9,83.9,73.48,81.66,4775946
6063,2007-10-01,81.75,95.28,78.35,94.53,6017924
6063,2007-11-01,95.15,99.29,88.45,88.71,6157172
6063,2007-12-01,88.79,97.92,85.82,95.98,4245254
6063,2008-01-01,96.05,100.09,86.11,91.75,5456014
6063,2008-02-01,91.36,103.05,86.24,101.84,5136023
6063,2008-03-01,101.63,111.8,98.65,101.58,5989308
6063,2008-04-01,101.57,119.93,99.55,113.46,5627888
6063,2008-05-01,114.6,135.09,110.3,127.35,6798210
6063,2008-06-01,127.63,143.67,121.61,140,6232960
6063,2008-07-01,140.18,147.27,120.42,124.08,5834607
6063,2008-08-01,124.06,128.6,111.34,115.46,5463521
6063,2008-09-01,116.65,130,90.51,100.64,5656843
6063,2008-10-01,101.86,102.84,61.3,67.81,5694716
6063,2008-11-01,67.37,71.77,48.25,54.43,4516342
6063,2008-12-01,54.62,54.62,32.4,44.6,4470027
6063,2009-01-01,43.72,50.47,32.7,41.68,5126388
6063,2009-02-01,41.75,45.3,33.55,44.76,4856260
6063,2009-03-01,44.34,54.66,39.44,49.66,5167476
6063,2009-04-01,48.96,53.9,43.83,51.12,4690205
6063,2009-05-01,50.95,66.64,50.43,66.31,5042350
6063,2009-06-01,66.48,73.38,64.95,69.89,5596973
6063,2009-07-01,70.45,71.85,58.32,69.45,5908129
6063,2009-08-01,69.3,75,65.23,69.96,5724823
6063,2009-09-01,69.85,73.16,65.05,70.61,5751504
6063,2009-10-01,70.4,82,68.05,77,6921279
6063,2009-11-01,77.02,81.06,72.39,77.28,6446761
6063,2009-12-01,77.35,80,68.59,79.36,5657076
6063,2010-01-01,79.63,83.95,72.43,72.89,5382176
6063,2010-02-01,72.84,80.51,69.5,79.66,6565245
6063,2010-03-01,79.84,83.85,78.06,83.76,6518016
6063,2010-04-01,83.36,87.09,80.53,86.15,7250597
6063,2010-05-01,86.2,87.15,64.24,73.97,7889090
6063,2010-06-01,73.97,79.38,69.51,75.63,7257468
6063,2010-07-01,75.37,79.69,71.09,78.95,6207460
6063,2010-08-01,78.95,82.97,70.76,71.92,6805724
6063,2010-09-01,71.7,80.18,71.67,79.97,6815300
6063,2010-10-01,79.84,84.43,79.25,81.43,6452285
6063,2010-11-01,81.45,88.63,80.06,84.11,6756924
6063,2010-12-01,83.66,92.06,83.63,91.38,5433708
6063,2011-01-01,91.31,92.84,85.11,92.19,6926521
6063,2011-02-01,92.2,103.41,83.85,96.97,6102587
6063,2011-03-01,96.97,106.95,96.22,106.72,6871362
6063,2011-04-01,106.62,114.18,105.31,113.93,5618373
6063,2011-05-01,113.89,114.83,94.63,102.7,7595837
6063,2011-06-01,102.68,103.31,89.61,95.42,7330360
6063,2011-07-01,95.12,100.62,93.45,95.7,5452386
6063,2011-08-01,96.2,98.6,75.71,88.81,8279367
6063,2011-09-01,88.73,90.52,77.11,79.2,6453126
6063,2011-10-01,78.92,94.65,74.95,93.19,6565706
6063,2011-11-01,92.58,103.37,89.17,100.36,6243532
6063,2011-12-01,100.51,102.44,92.52,98.83,4698800
6063,2012-01-01,99.7,103.74,97.4,98.48,5408833
6063,2012-02-01,98.38,109.95,95.44,107.07,5538657
6063,2012-03-01,106.82,110.55,102.13,103.02,5736277
6063,2012-04-01,103.27,105.49,100.68,104.87,4480321
6063,2012-05-01,104.89,106.43,85.86,86.53,5810128
6063,2012-06-01,86.44,87.03,77.28,84.96,5945512
6063,2012-07-01,84.65,92.94,82.1,88.06,5269103
6063,2012-08-01,88.03,98.29,86.92,96.47,5080600
6063,2012-09-01,96.38,100.42,88.95,92.19,4335249
6063,2012-10-01,92.15,93.66,84.66,86.24,5239616
6063,2012-11-01,86.1,89.8,84.05,88.91,5166251
6063,2012-12-01,88.85,91.99,85.21,91.82,3593351
6063,2013-01-01,91.78,98.24,91.52,97.49,4375081
6063,2013-02-01,97.42,98.15,91.57,92.05,4119266
6063,2013-03-01,91.76,97.35,89.33,97.23,4027589
6063,2013-04-01,97.36,97.8,85.61,93.46,5429036
6063,2013-05-01,93.08,97.17,90.11,91.97,5867253
6063,2013-06-01,91.73,99.01,91.26,96.56,4916860
6063,2013-07-01,96.58,109.32,96.07,105.03,5382056
6063,2013-08-01,105.26,112.24,102.22,107.65,5303338
6063,2013-09-01,105.91,110.7,101.05,102.33,4583075
6063,2013-10-01,102.31,104.38,95.95,96.38,5141894
6063,2013-11-01,96.32,96.65,91.77,92.72,4511012
6063,2013-12-01,92.71,100.75,92.56,98.42,3659774
6063,2014-01-01,98.61,98.97,91.24,97.49,4490645
6063,2014-02-01,97.4,103.8,96.26,102.59,3934627
6063,2014-03-01,103,105.22,97.37,101.58,4594016
6063,2014-04-01,101.53,104.99,98.86,99.74,4714462
6063,2014-05-01,99.72,104.5,98.74,102.71,4379246
6063,2014-06-01,102.92,107.73,101.6,105.37,4121475
6063,2014-07-01,105.44,106.09,97.6,98.17,5137189
6063,2014-08-01,97.7,98.67,92.5,95.96,4588921
6063,2014-09-01,95.76,95.91,90.43,91.16,5557590
6063,2014-10-01,91.36,92.96,79.44,80.54,7174305
6063,2014-11-01,80.59,80.98,65.69,66.15,5847457
6063,2014-12-01,66,69.54,52.44,53.27,6562649
6063,2015-01-01,53.73,55.11,43.58,48.24,7310209
6063,2015-02-01,47.59,54.42,46.67,49.76,8462976
6063,2015-03-01,49.45,52.48,42.03,47.6,7689546
6063,2015-04-01,47.55,59.85,47.05,59.63,7634513
6063,2015-05-01,59.79,62.58,56.51,60.3,6344954
6063,2015-06-01,60.29,61.82,56.83,59.47,6539339
6063,2015-07-01,58.98,58.98,46.68,47.12,7172691
6063,2015-08-01,46.86,49.33,37.75,49.2,8238564
6063,2015-09-01,48.1,48.87,43.21,45.09,7968083
6063,2015-10-01,45.38,50.92,42.58,46.59,8305810
6063,2015-11-01,46.43,48.36,38.99,41.65,7878875
6063,2015-12-01,41.73,42.23,33.98,37.04,8700648
6063,2016-01-01,37.6,38.39,26.19,33.62,10390700
6063,2016-02-01,33.83,34.69,26.05,33.75,11465263
6063,2016-03-01,33.9,41.9,33.37,38.34,10882563
6063,2016-04-01,38.14,46.78,35.24,45.92,11617769
6063,2016-05-01,45.9,50.21,43.03,49.1,11199153
6063,2016-06-01,48.82,51.67,45.83,48.33,10418660
6063,2016-07-01,48.38,49.35,40.57,41.6,9343707
6063,2016-08-01,41.35,48.75,39.19,44.7,11585269
6063,2016-09-01,44.85,48.32,42.55,48.24,12372886
6063,2016-10-01,48.04,51.93,46.63,46.86,10823292
6063,2016-11-01,46.77,49.9,42.2,49.44,13497589
6063,2016-12-01,49.07,54.51,48.98,53.72,10640054
6063,2017-01-01,54.09,55.24,50.71,52.81,10114917
6063,2017-02-01,52.76,54.94,51.22,54.01,9093946
6063,2017-03-01,53.95,54.44,47.01,50.6,12599859
6063,2017-04-01,50.69,53.76,48.2,49.33,9716527
6063,2017-05-01,49.17,52,43.76,48.32,14249820
6063,2017-06-01,48.63,49.17,42.05,46.04,15230802
6063,2017-07-01,46.28,50.41,43.65,50.17,14568829
6063,2017-08-01,50.21,50.43,45.58,47.23,17166575
6063,2017-09-01,47.08,52.86,46.56,51.67,12237164
6063,2017-10-01,51.64,54.85,49.1,54.38,11946724
6063,2017-11-01,54.65,59.05,53.89,57.4,12531845
6063,2017-12-01,57.42,60.51,55.82,60.42,9489097
6063,2018-01-01,60.26,66.66,60.1,64.73,12772633
6063,2018-02-01,64.76,66.3,58.07,61.64,11985177
6063,2018-03-01,61.55,66.55,59.95,64.94,12378191
6063,2018-04-01,64.91,69.56,61.81,68.57,12705612
6063,2018-05-01,68.56,72.83,65.8,67.04,15037802
6063,2018-06-01,67.07,74.46,63.59,74.15,12857592
6063,2018-07-01,73.62,75.27,67.03,68.76,10914480
6063,2018-08-01,68.43,70.5,64.43,69.8,10416153
6063,2018-09-01,69.91,73.73,66.86,73.25,10094682
6063,2018-10-01,73.29,76.9,64.81,65.31,13035102
6063,2018-11-01,64.88,65.39,49.41,50.93,15118402
6063,2018-12-01,52.45,54.55,42.36,45.41,12163663
6063,2019-01-01,45.77,55.37,44.35,53.79,14017838
6063,2019-02-01,54.01,57.81,51.23,57.22,10550973
6063,2019-03-01,57.22,60.73,54.52,60.14,11960121
6063,2019-04-01,60.24,66.6,60.13,63.91,13334765
6063,2019-05-01,63.4,63.93,53.05,53.5,16249845
6063,2019-06-01,53.42,59.93,50.6,58.47,12463663
6063,2019-07-01,59.27,60.94,54.72,58.58,11800413
6063,2019-08-01,57.85,57.99,50.52,55.1,14039077
6063,2019-09-01,55,63.38,52.84,54.07,13078971
6063,2019-10-01,54.28,56.92,50.99,54.18,11553248
6063,2019-11-01,54.15,58.74,54.07,55.17,9469834
6063,2019-12-01,55.47,62.34,55.35,61.06,9265867
6063,2020-01-01,61.52,65.65,50.97,51.56,12543109
6063,2020-02-01,51.01,54.5,43.85,44.76,13334216
6063,2020-03-01,43.7,48.66,19.27,20.48,16677635
6063,2020-04-01,20.1,29.13,10.07,18.84,14288708
6063,2020-05-01,19.04,35.77,18.05,35.49,5909374
6063,2020-06-01,35.21,41.63,34.27,39.27,7638191
6063,2020-07-01,39.84,42.4,38.54,40.27,6788429
6063,2020-08-01,40.39,43.78,39.58,42.61,6371190
6063,2020-09-01,42.83,43.43,36.13,40.22,6748369
6063,2020-10-01,39.9,41.7,34.92,35.79,7349711
6063,2020-11-01,35.24,46.26,33.64,45.34,7028875
6063,2020-12-01,45.08,49.28,43.92,48.52,6208085
6063,2021-01-01,48.4,53.93,47.18,52.2,7212459
6063,2021-02-01,51.99,63.81,51.64,61.5,7596885
6063,2021-03-01,61.95,67.98,57.25,59.16,9791844
6063,2021-04-01,59.49,65.47,57.63,63.58,7389694
6063,2021-05-01,63.64,67.52,61.56,66.96,7506546
6063,2021-06-01,66.68,74.45,66.41,73.47,7792392
6063,2021-07-01,73.5,76.98,65.21,73.95,8111275
6063,2021-08-01,73.91,73.95,61.74,68.5,7930947
6063,2021-09-01,68.55,76.67,67.12,75.03,7746285
6063,2021-10-01,75.12,85.41,74.23,83.57,9220185
6063,2021-11-01,83.36,84.97,64.43,66.18,9442512
6063,2021-12-01,67.01,77.44,62.43,75.21,7397791
6063,2022-01-01,75.69,88.84,74.27,88.15,7518970
6063,2022-02-01,88.15,100.54,86.55,95.72,8209924
6063,2022-03-01,96.09,130.5,93.53,100.28,8833140
6063,2022-04-01,101.23,109.81,92.93,104.69,4167454
6063,2022-05-01,104,119.97,98.2,115.06,3020980
6063,2022-06-01,115.1,123.66,101.58,106.22,30775
